{
  "seed": 42,
  "device": "auto",

  "output": {
    "checkpoint_dir": "checkpoints",
    "fig_dir": "figs",
    "loss_plot_path": "figs/loss_curve.png"
  },

  "domain": {
    "x_range": [-0.1, 0.1],
    "y_range": [-0.1, 0.1],
    "t_range": [0.0, 60.0],
    "wafer_radius": 0.1
  },

  "recipe_parameter_ranges": {
    "T_chuck": [600.0, 720.0],
    "P_chamber": [50.0, 300.0],
    "P_rf": [50.0, 400.0],
    "flows_sccm": {
      "SiH4": [10.0, 200.0],
      "NH3": [10.0, 400.0]
    }
  },

  "physics_constants": {
    "thermal": { "rho": 2330.0, "cp": 700.0, "k": 120.0, "Q_scale": 1.0 },
    "cvd": {
      "k_B": 8.617333262145e-5,
      "k0_ads": 1.0e3,  "Ea_ads": 0.30,
      "k0_des": 1.0e3,  "Ea_des": 0.80,
      "k0_react": 1.0e2,"Ea_react": 1.20,
      "flow_scale": 100.0,
      "pressure_scale": 100.0
    },
    "plasma": {
      "epsilon": 8.854e-12,
      "q": 1.602176634e-19,
      "mu_e": 0.1, "mu_i": 0.01,
      "D_e": 0.05, "D_i": 0.005
    },
    "stress": { "E": 1.70e11, "nu": 0.22, "alpha_th": 2.6e-6 }
  },

  "training": {
    "epochs": 5,
    "batch_points": { "pde": 4096, "bc": 512, "ic": 512 },
    "lr": 0.0005,
    "grad_clip": 1.0,
    "mixed_precision": true,
    "viz_grid": 32,

    "lambda": {
      "thermal": 1.0,
      "cvd": 1.0,
      "plasma": 1.0,
      "stress": 0.2,
      "interfaces": 0.5
    },

    "balance": {
      "mode": "ema",
      "beta": 0.995,
      "eps": 1e-9,
      "clip": [1e-12, 1e30]
    }
  },

  "network_configs": {
    "shared_encoder": { "in_dim": 10, "width": 64, "depth": 3, "out_dim": 64 },
    "thermal": { "in_dim": 64, "out_dim": 1 },
    "cvd":     { "in_dim": 64, "out_dim": 2 },
    "plasma":  { "in_dim": 64, "out_dim": 3 },
    "stress":  { "in_dim": 64, "out_dim": 1 }
  },

  "active_physics": ["thermal", "cvd", "plasma", "stress"]
}
